id,name,industry,country,skills,company
1,Benjamin Ashley Jr.,Cybersecurity,UK,"Linux,Python,Network Security",Delgado-Franklin
2,Sarah Cook,Product Management,USA,"Scrum,SQL,Agile,Data Analytics",Nguyen LLC
3,Mr. William Schwartz,Cybersecurity,India,"Network Security,Firewalls,Python",Griffin Inc
4,Brenda Mcguire,Software Engineering,Nigeria,"Python,React,C++",Holmes-Zavala
5,Keith Jones,Data Science,Brazil,"SQL,Tableau,TensorFlow","Johnson, Harris and Beasley"
6,Tyler Rodriguez,Product Management,Germany,"SQL,Roadmapping,Stakeholder Management,Scrum,Data Analytics",Phillips PLC
7,Robert Mitchell,Finance,Brazil,"Bloomberg,Python,R","Johnson, Harris and Beasley"
8,Nathan Yang,AI Research,India,"Computer Vision,NLP,Python,TensorFlow,Deep Learning",Leonard-Perez
9,Melissa Oneill,Mechanical Engineering,India,"MATLAB,SolidWorks,Thermodynamics",Doyle-Briggs
10,Lori Meyers,Cybersecurity,Brazil,"Network Security,Linux,Python,Firewalls,Ethical Hacking",Gray-Oneill
11,Gloria Mitchell,Cybersecurity,India,"Firewalls,Ethical Hacking,Python,Linux,Network Security",Gentry-Lambert
12,Michael Mccormick,Finance,Nigeria,"SQL,R,Python,Quantitative Analysis,Bloomberg",Wagner LLC
13,Mary Martinez,Finance,Brazil,"SQL,R,Python",Ramsey-Melton
14,Rachel Nguyen,Software Engineering,Germany,"AWS,C++,SQL,React,Java",Leonard-Perez
15,Kelly Hines,Product Management,Canada,"Data Analytics,Roadmapping,Stakeholder Management",Collier PLC
16,Michael Sandoval,Product Management,Pakistan,"Roadmapping,Stakeholder Management,Agile,Scrum,SQL","Wright, Smith and Camacho"
17,Kristen Jacobson,Product Management,South Korea,"Agile,SQL,Data Analytics,Scrum",Doyle-Briggs
18,Jenny Torres,Data Science,Pakistan,"Tableau,TensorFlow,R,Pandas,Scikit-learn",Hill PLC
19,Emily Tucker,Product Management,Pakistan,"Scrum,SQL,Roadmapping,Agile",Campbell-Woods
20,Joe Moore,Data Science,South Korea,"R,SQL,Tableau,Python,TensorFlow",Patrick-Allen
21,Mr. Michael Mendoza V,AI Research,Nigeria,"Python,Deep Learning,NLP",Acosta Inc
22,Darlene Warren,Electrical Engineering,Brazil,"C,Verilog,PCB Design","Smith, Stone and Thompson"
23,Nicholas White,Finance,Canada,"SQL,Python,R,Excel,Quantitative Analysis","Bridges, Barker and May"
24,Janet Yoder,Mechanical Engineering,USA,"AutoCAD,Simulation,MATLAB,Thermodynamics,SolidWorks",Lang Inc
25,Brandi Smith,Mechanical Engineering,Mexico,"MATLAB,AutoCAD,Simulation,Thermodynamics,SolidWorks",Taylor-Mcdaniel
26,Edward Harrison,Cybersecurity,India,"Firewalls,Linux,Ethical Hacking,Python,Network Security",Maxwell-Harmon
27,Hector Henderson,AI Research,Canada,"Deep Learning,PyTorch,Computer Vision,TensorFlow,Python",Walter-Brown
28,Cindy Soto,UX Design,South Korea,"User Research,HTML,Figma,CSS,Wireframing","Shannon, Morris and Brown"
29,Ronald Henry,Finance,Brazil,"R,Bloomberg,Python,Quantitative Analysis",Harrell PLC
30,Dillon Hahn,Finance,China,"Excel,Bloomberg,R,SQL","Smith, Stone and Thompson"
31,Cassie Roberts,Finance,South Korea,"R,Bloomberg,SQL,Excel","Watts, Adkins and Davies"
32,Lynn Lee,Electrical Engineering,China,"Embedded Systems,MATLAB,C,PCB Design,Verilog",Nguyen LLC
33,Carrie Johnson,Software Engineering,Canada,"AWS,Java,Docker,Python,C++",Mills PLC
34,Ann Stevens,UX Design,Pakistan,"Wireframing,CSS,Figma,HTML,User Research","Watts, Adkins and Davies"
35,Cynthia Crawford,Data Science,South Korea,"Scikit-learn,R,Python,Pandas,TensorFlow",Erickson-Wilkerson
36,Christine Rios,Marketing,Nigeria,"Copywriting,Google Analytics,Social Media",Hill PLC
37,Keith Schmidt,UX Design,China,"Wireframing,CSS,User Research,Figma",Anderson-Robinson
38,Darlene Harrington,Data Science,USA,"TensorFlow,Pandas,SQL",Harrell PLC
39,David Mcbride,UX Design,Pakistan,"Figma,User Research,Adobe XD,Wireframing,HTML","Melton, Hughes and Medina"
40,Kristina Moore,AI Research,Canada,"TensorFlow,NLP,Computer Vision",Aguilar-Lopez
41,Rachel Duncan,Electrical Engineering,Canada,"MATLAB,PCB Design,Embedded Systems,C","Shannon, Morris and Brown"
42,Elizabeth Coleman,AI Research,South Korea,"PyTorch,TensorFlow,NLP,Deep Learning",Lopez-Arroyo
43,Kristin Frank,Cybersecurity,USA,"Python,Linux,Firewalls",Hunter LLC
44,Catherine Williamson,Cybersecurity,Canada,"Python,Ethical Hacking,Firewalls,Network Security",Brown Ltd
45,Joseph Coleman,Data Science,Brazil,"R,Tableau,SQL",Butler-Gaines
46,Sarah Barrett,Marketing,Brazil,"Copywriting,SEO,Excel",Small Inc
47,Amy Orr,Software Engineering,Germany,"Python,Docker,AWS",Patrick-Allen
48,Timothy Lambert,Software Engineering,South Korea,"Python,Java,Docker,C++,AWS",Wagner LLC
49,Denise Carter,Cybersecurity,Brazil,"Network Security,Python,Ethical Hacking","Weaver, Barnes and Odom"
50,Megan Wu,Mechanical Engineering,Canada,"SolidWorks,Simulation,Thermodynamics,MATLAB",Brown-Snyder
51,Stacey Harvey,Marketing,South Korea,"Google Analytics,Content Strategy,Excel,Social Media,SEO",Thomas-Jones
52,Caroline Moran DVM,AI Research,Canada,"Python,Computer Vision,Deep Learning,NLP,TensorFlow","Boyd, Sutton and Barton"
53,Brenda Bernard,Electrical Engineering,Germany,"C,MATLAB,Verilog,PCB Design","Patterson, Jackson and Morgan"
54,Sabrina Hall,Product Management,Brazil,"Data Analytics,Stakeholder Management,SQL,Roadmapping,Scrum",Rodriguez-Kirk
55,Willie Hernandez,Mechanical Engineering,Germany,"AutoCAD,Thermodynamics,Simulation",Haynes-Lopez
56,Kelly Anderson,Cybersecurity,India,"Network Security,Ethical Hacking,Python,Firewalls,Linux",Griffin Inc
57,Benjamin Day,Cybersecurity,Canada,"Ethical Hacking,Firewalls,Linux,Network Security,Python",Baxter-Mcpherson
58,Andrew Fisher,Software Engineering,Germany,"AWS,React,Docker,Java,SQL",Aguilar-Lopez
59,Megan Mckinney,Cybersecurity,South Korea,"Ethical Hacking,Python,Linux,Firewalls",Griffin Inc
60,John Shaffer,Data Science,Brazil,"Pandas,TensorFlow,Python",Small Inc
61,Sarah Fields,Software Engineering,Mexico,"SQL,AWS,Python,Java,Docker",Maxwell-Harmon
62,Carlos Evans,Product Management,Canada,"SQL,Roadmapping,Stakeholder Management,Data Analytics,Agile",Edwards and Sons
63,Erin Martinez,Electrical Engineering,Mexico,"Verilog,MATLAB,C,Embedded Systems,PCB Design",Kent-Smith
64,Joseph Gilbert,Mechanical Engineering,Mexico,"MATLAB,Simulation,Thermodynamics,AutoCAD,SolidWorks",Edwards and Sons
65,John Santos,Finance,Pakistan,"R,Quantitative Analysis,Excel,SQL",Acosta Inc
66,Hannah Gross,Product Management,USA,"SQL,Scrum,Stakeholder Management,Data Analytics",Thomas Inc
67,Wanda Flores,UX Design,Germany,"Wireframing,HTML,CSS,Adobe XD",Taylor-Mcdaniel
68,David Bush,Data Science,Germany,"Tableau,TensorFlow,Python",Myers-Montes
69,Terry Jones,UX Design,Germany,"Figma,HTML,CSS",Myers-Montes
70,William Lee,Marketing,China,"SEO,Content Strategy,Excel,Google Analytics",Hernandez and Sons
71,Jim Howard,Software Engineering,China,"AWS,SQL,React,C++","Ford, Clark and Mccoy"
72,Amanda Murray,AI Research,China,"NLP,TensorFlow,PyTorch",Holt Group
73,Patricia Oneal,Cybersecurity,Brazil,"Network Security,Linux,Ethical Hacking",Nguyen LLC
74,Joshua Gomez,UX Design,Pakistan,"Adobe XD,Wireframing,HTML,User Research",Anderson-Robinson
75,Jared Hooper,UX Design,Canada,"User Research,CSS,Wireframing",Edwards and Sons
76,Thomas Cook,Cybersecurity,Germany,"Ethical Hacking,Linux,Python",Hickman Ltd
77,Miss Nancy Baird,Cybersecurity,China,"Linux,Network Security,Ethical Hacking,Python,Firewalls",Chambers-Peterson
78,Terry Owens,Finance,India,"Python,Bloomberg,R,Excel",Small Inc
79,Paul Wilson,AI Research,Pakistan,"TensorFlow,Deep Learning,Python,Computer Vision",Thomas Inc
80,Rodney Dodson,Product Management,Canada,"Roadmapping,SQL,Agile,Scrum",Wagner LLC
81,Thomas Aguilar,Product Management,Nigeria,"Agile,Roadmapping,Data Analytics,SQL",Thomas-Jones
82,Todd Robbins,Mechanical Engineering,Pakistan,"Thermodynamics,Simulation,MATLAB,SolidWorks",Campbell-Woods
83,David Patterson,Mechanical Engineering,Pakistan,"AutoCAD,Simulation,MATLAB,Thermodynamics",Sosa-Flores
84,Lawrence Dougherty,Electrical Engineering,Mexico,"MATLAB,C,Verilog,PCB Design,Embedded Systems",Holt Group
85,Kevin Herring,Software Engineering,Nigeria,"C++,AWS,SQL","Barton, Rogers and Green"
86,Allison Holmes,Electrical Engineering,Germany,"MATLAB,Verilog,Embedded Systems","Padilla, Fitzpatrick and Quinn"
87,Matthew Little,Product Management,Pakistan,"Data Analytics,Scrum,Stakeholder Management",Lopez-Woods
88,Lindsey Morgan,Data Science,South Korea,"SQL,Pandas,R,Scikit-learn,Python",Hill PLC
89,Robert Brown,Product Management,Mexico,"Data Analytics,Scrum,SQL,Roadmapping,Stakeholder Management",Ramsey-Melton
90,Martin Cole,UX Design,Mexico,"HTML,Figma,Adobe XD,CSS",Cantu-Hill
91,Christian Brewer,Cybersecurity,Germany,"Python,Ethical Hacking,Network Security",Reid-Sanders
92,Frank Payne,Product Management,Pakistan,"Roadmapping,Scrum,Agile","Weaver, Barnes and Odom"
93,Christopher Jones,Electrical Engineering,Germany,"PCB Design,C,Embedded Systems,MATLAB",Morrison-Carr
94,Daniel Bailey,Marketing,USA,"SEO,Social Media,Content Strategy,Copywriting,Google Analytics",Leonard-Perez
95,Robert Mcfarland,Cybersecurity,China,"Linux,Ethical Hacking,Python,Network Security",Lopez-Arroyo
96,Victoria Drake,AI Research,Mexico,"NLP,PyTorch,Deep Learning",Butler-Gaines
97,Dr. Patricia Knight DDS,Marketing,Mexico,"Google Analytics,Content Strategy,Copywriting,SEO",Hernandez and Sons
98,Cassidy Hudson,UX Design,Nigeria,"HTML,Figma,Wireframing,Adobe XD,CSS",Wagner LLC
99,Travis Stephenson,Mechanical Engineering,Germany,"AutoCAD,Thermodynamics,MATLAB,SolidWorks","Chavez, Vaughan and Owen"
100,Oscar Wilson,UX Design,Pakistan,"Figma,User Research,CSS,Adobe XD,Wireframing",Madden-Morrison
101,Kristen Evans,Software Engineering,Canada,"C++,Docker,Java,React,AWS",Nguyen LLC
102,David Booker,Cybersecurity,Canada,"Network Security,Ethical Hacking,Python,Firewalls,Linux",Erickson-Wilkerson
103,Evan Snow,Data Science,Mexico,"SQL,Pandas,TensorFlow","Watts, Adkins and Davies"
104,Kelly Arroyo,Software Engineering,South Korea,"Docker,React,C++",Small Inc
105,Tony Brooks,AI Research,Canada,"NLP,TensorFlow,Python","Watts, Adkins and Davies"
106,Jasmine Buck,AI Research,India,"Deep Learning,TensorFlow,Python","Harvey, Schwartz and Maldonado"
107,Jacqueline Branch,Mechanical Engineering,Brazil,"SolidWorks,MATLAB,Thermodynamics",Hickman Ltd
108,Lisa Cantu,Finance,Pakistan,"R,Bloomberg,Excel,Quantitative Analysis","Ford, Clark and Mccoy"
109,Juan Nguyen,UX Design,South Korea,"Wireframing,HTML,Figma,Adobe XD",Harrell PLC
110,Shawn Brooks,Electrical Engineering,USA,"Embedded Systems,PCB Design,Verilog,C,MATLAB",Kent-Smith
111,Anthony Cummings,Data Science,Pakistan,"Tableau,Python,SQL,TensorFlow,Scikit-learn",Dillon-Michael
112,Andrea Munoz,Data Science,Germany,"Python,Pandas,Scikit-learn","Harvey, Schwartz and Maldonado"
113,Julie Williams,Data Science,South Korea,"TensorFlow,SQL,R,Python,Scikit-learn",Rodriguez PLC
114,Rebecca Pham,UX Design,Nigeria,"Wireframing,Adobe XD,CSS,HTML","Grant, Rogers and Scott"
115,Nathan Davis,Product Management,India,"SQL,Stakeholder Management,Data Analytics",Juarez-Andrews
116,Gerald Hunter,Electrical Engineering,Canada,"Verilog,Embedded Systems,C,MATLAB,PCB Design",Baxter-Mcpherson
117,Elizabeth Murphy,Marketing,China,"Copywriting,Excel,SEO","Boyd, Sutton and Barton"
118,Elizabeth Silva,Mechanical Engineering,Mexico,"Simulation,AutoCAD,MATLAB,SolidWorks",Wilson Ltd
119,Ronnie Boyle,Cybersecurity,USA,"Linux,Firewalls,Network Security,Ethical Hacking","Robinson, Kim and Myers"
120,Denise Reed,Product Management,Mexico,"Agile,Stakeholder Management,SQL,Data Analytics,Roadmapping",Taylor-Mcdaniel
121,Olivia Boyd,Cybersecurity,South Korea,"Network Security,Python,Ethical Hacking,Firewalls,Linux","Young, Cline and Medina"
122,William Martinez,UX Design,India,"Figma,User Research,HTML",Madden-Morrison
123,Louis Haley,Electrical Engineering,USA,"Verilog,Embedded Systems,MATLAB,C,PCB Design",Perez-Frye
124,Belinda Cummings,Finance,Mexico,"R,Python,SQL",Mills PLC
125,Catherine Burke,Cybersecurity,Pakistan,"Python,Linux,Network Security",Wilson Ltd
126,Kyle Johnson,Marketing,Germany,"Excel,Social Media,Copywriting,Google Analytics,SEO",Rogers and Sons
127,Jason Simpson,Finance,China,"Excel,Quantitative Analysis,Python",Griffin Inc
128,Diana Allen,Marketing,Mexico,"Social Media,Content Strategy,Excel,SEO,Copywriting","Perkins, Kline and Hahn"
129,Betty Parks PhD,AI Research,Germany,"Computer Vision,Python,NLP,TensorFlow",Gonzalez-Vincent
130,Julia Brewer,Software Engineering,UK,"Python,SQL,C++,AWS,React","Young, Cline and Medina"
131,Daniel Farley,Software Engineering,USA,"AWS,Java,Docker",Acosta Inc
132,Alfred Tucker,UX Design,Germany,"User Research,Wireframing,Figma,Adobe XD",Harrell PLC
133,Donald Tucker,Electrical Engineering,Brazil,"Embedded Systems,MATLAB,Verilog,PCB Design,C",Brown PLC
134,Lacey Jones,Finance,Mexico,"R,Bloomberg,Python,SQL",Hill PLC
135,Charles Jones,Electrical Engineering,Pakistan,"Embedded Systems,C,MATLAB,Verilog,PCB Design","Wright, Smith and Camacho"
136,Alexandra Lopez,Finance,China,"R,Python,Quantitative Analysis,Bloomberg,Excel",Madden-Morrison
137,Kristin Smith,Finance,Germany,"Quantitative Analysis,Excel,SQL,Bloomberg",Taylor-Mcdaniel
138,Julia Powell,UX Design,India,"User Research,HTML,Adobe XD,Wireframing,Figma",Baxter-Mcpherson
139,Jason Snow,Finance,Pakistan,"Bloomberg,SQL,Excel,R,Python","Perkins, Kline and Hahn"
140,Mark Juarez,Software Engineering,Pakistan,"Docker,Python,AWS,C++,React",Brown-Snyder
141,Melissa Torres,Data Science,India,"Pandas,Tableau,Python","Daniels, Davis and Morris"
142,Chase Stafford,Product Management,Mexico,"Agile,Data Analytics,Roadmapping,Stakeholder Management",Harrell PLC
143,Beth Goodman,Marketing,Brazil,"SEO,Content Strategy,Social Media,Copywriting,Google Analytics",Lang Inc
144,Ryan Martin,AI Research,South Korea,"TensorFlow,NLP,Python,Computer Vision",Gonzalez-Vincent
145,Rachel Welch,Marketing,China,"Google Analytics,SEO,Social Media,Copywriting","Ford, Clark and Mccoy"
146,Tiffany Nguyen,Data Science,Pakistan,"Scikit-learn,Python,TensorFlow",Hill PLC
147,John Esparza,Product Management,China,"SQL,Stakeholder Management,Roadmapping,Data Analytics,Scrum","Torres, Davidson and Diaz"
148,Carolyn Powell,Electrical Engineering,Canada,"MATLAB,C,Embedded Systems,Verilog,PCB Design",Delgado-Franklin
149,Robert Hernandez,AI Research,India,"TensorFlow,Computer Vision,NLP","Melton, Hughes and Medina"
150,Terry Murray,Data Science,Canada,"Tableau,TensorFlow,R",Mills PLC
151,Kevin King,Mechanical Engineering,Brazil,"SolidWorks,MATLAB,Thermodynamics,AutoCAD,Simulation","Chavez, Vaughan and Owen"
152,John Pena,Data Science,Nigeria,"R,SQL,Tableau,Scikit-learn",Juarez-Andrews
153,Jennifer Jennings,Data Science,USA,"TensorFlow,Scikit-learn,R,SQL,Pandas",Butler-Gaines
154,Michelle Evans DDS,Product Management,Pakistan,"Roadmapping,Agile,SQL",Delgado-Franklin
155,Jason Gentry Jr.,Finance,USA,"Bloomberg,SQL,R",Gray-Oneill
156,Joseph Lane,Software Engineering,South Korea,"Docker,SQL,React",Rodriguez PLC
157,Jermaine Garcia,Mechanical Engineering,China,"Simulation,MATLAB,SolidWorks,AutoCAD,Thermodynamics","Barton, Rogers and Green"
158,Mark Leonard,Cybersecurity,Germany,"Linux,Python,Firewalls,Ethical Hacking","Watts, Adkins and Davies"
159,Mrs. Melinda Rodriguez,Software Engineering,India,"AWS,Docker,React",Walters Group
160,Jennifer Moran,AI Research,Canada,"NLP,Deep Learning,Python,Computer Vision,TensorFlow","Chavez, Vaughan and Owen"
161,Kyle Fernandez,UX Design,Canada,"HTML,User Research,Adobe XD,Figma,CSS",Miles-Crawford
162,Clayton Rose,Product Management,Mexico,"Data Analytics,Agile,Stakeholder Management",Walter-Brown
163,Kimberly Roberts,Mechanical Engineering,Brazil,"SolidWorks,Thermodynamics,AutoCAD,MATLAB,Simulation","Harvey, Schwartz and Maldonado"
164,Dr. Thomas Miller,Finance,USA,"SQL,Quantitative Analysis,Excel,Bloomberg,Python",Madden-Morrison
165,Donna Miller,Marketing,Brazil,"Excel,SEO,Copywriting,Social Media",Harrell PLC
166,Bonnie Williams,Data Science,China,"Pandas,TensorFlow,Python,SQL,Scikit-learn",Phillips PLC
167,Olivia Mccormick,Data Science,Brazil,"TensorFlow,Pandas,Scikit-learn",Webster Inc
168,Lauren Fisher,Data Science,Canada,"R,Python,SQL,TensorFlow",Erickson-Wilkerson
169,Phillip Rogers,AI Research,India,"Deep Learning,Computer Vision,TensorFlow,Python,PyTorch","Johnson, Harris and Beasley"
170,Elizabeth Middleton,Software Engineering,Nigeria,"Python,C++,AWS,SQL",Hunter LLC
171,Michael Martin,Mechanical Engineering,Germany,"AutoCAD,Simulation,SolidWorks,MATLAB,Thermodynamics",Reid-Sanders
172,Jennifer Gray,AI Research,Nigeria,"TensorFlow,NLP,Python,PyTorch","Young, Cline and Medina"
173,Ronald Bonilla,Data Science,Mexico,"Python,Pandas,TensorFlow,SQL","Hernandez, Kaufman and Krause"
174,John Rodriguez,Electrical Engineering,Mexico,"Verilog,Embedded Systems,C",Rogers and Sons
175,Sandra Stevens,Marketing,Pakistan,"Content Strategy,SEO,Copywriting,Google Analytics","Nguyen, Ortiz and Griffin"
176,John Lee,Product Management,Germany,"Roadmapping,Scrum,Agile",Rodriguez-Kirk
177,Michael Martinez,Product Management,Pakistan,"Scrum,Agile,Roadmapping","Padilla, Fitzpatrick and Quinn"
178,Molly Chang,Product Management,India,"SQL,Data Analytics,Stakeholder Management,Scrum","Perkins, Kline and Hahn"
179,Judy Watson,Finance,USA,"Bloomberg,SQL,R",Kent-Smith
180,Robin Wright,Product Management,Pakistan,"Agile,Roadmapping,SQL,Data Analytics,Scrum",Erickson-Wilkerson
181,Janice Torres,Mechanical Engineering,South Korea,"AutoCAD,SolidWorks,Thermodynamics,MATLAB,Simulation",Hernandez and Sons
182,Taylor Conley,Software Engineering,Mexico,"C++,Java,SQL","Young, Francis and Smith"
183,Julie Wilson,Software Engineering,USA,"Python,React,C++,SQL,Docker",Holmes-Zavala
184,Donald Simmons,Cybersecurity,China,"Ethical Hacking,Python,Firewalls,Linux",Wilson Ltd
185,Lauren Ramirez,Product Management,South Korea,"Agile,Scrum,Stakeholder Management,Roadmapping,SQL",Taylor-Mcdaniel
186,Barbara Martinez,Finance,Mexico,"Python,Quantitative Analysis,Excel,Bloomberg",Dillon-Michael
187,Jeanette Williamson,UX Design,South Korea,"Figma,User Research,Wireframing",Fernandez and Sons
188,Allen Davis,Cybersecurity,Germany,"Ethical Hacking,Python,Firewalls","Shannon, Morris and Brown"
189,Emily Goodman,UX Design,Pakistan,"Adobe XD,Figma,User Research,CSS",Hickman Ltd
190,Keith Martinez,Product Management,Mexico,"SQL,Agile,Data Analytics,Scrum,Stakeholder Management",Martin and Sons
191,Dawn Villanueva,Finance,USA,"Excel,Python,R,Bloomberg,SQL",Gray-Oneill
192,Karina Scott,Electrical Engineering,Pakistan,"Verilog,MATLAB,Embedded Systems,C",Juarez-Andrews
193,Andrew Gray,Mechanical Engineering,Brazil,"Thermodynamics,AutoCAD,MATLAB",Smith-Hall
194,Scott Clark,Electrical Engineering,Mexico,"Embedded Systems,MATLAB,PCB Design",Rodriguez-Kirk
195,Tracy Morris,AI Research,USA,"PyTorch,TensorFlow,Computer Vision,NLP,Deep Learning",Lopez-Arroyo
196,Thomas Alvarez MD,Electrical Engineering,India,"Verilog,PCB Design,MATLAB,Embedded Systems",Campbell-Woods
197,Jillian Clark,AI Research,Mexico,"NLP,Deep Learning,PyTorch","Padilla, Fitzpatrick and Quinn"
198,Shaun Burke,Mechanical Engineering,China,"AutoCAD,MATLAB,Simulation,SolidWorks,Thermodynamics",Griffin Inc
199,Robert Stevenson,AI Research,Brazil,"TensorFlow,Deep Learning,NLP,Computer Vision,PyTorch",Miles-Crawford
200,Jessica Walsh,Data Science,Canada,"Tableau,R,TensorFlow",Acosta Inc
201,Mr. Robert Ayala,Mechanical Engineering,Mexico,"Thermodynamics,SolidWorks,MATLAB,AutoCAD",Edwards and Sons
202,Megan Hernandez,Cybersecurity,Pakistan,"Linux,Firewalls,Python",Miles-Crawford
203,Lucas Carpenter,Mechanical Engineering,Mexico,"SolidWorks,Thermodynamics,AutoCAD,Simulation,MATLAB",Sosa-Flores
204,Catherine Estes,Finance,South Korea,"SQL,Bloomberg,R",Madden-Morrison
205,Andrea White,Finance,Germany,"Excel,Quantitative Analysis,R,Bloomberg","Ford, Clark and Mccoy"
206,Jonathan Johnson,UX Design,Brazil,"HTML,User Research,CSS,Wireframing",Anderson-Robinson
207,Emily Hurst,Electrical Engineering,Brazil,"C,Verilog,PCB Design",Hatfield-Wright
208,Linda Cobb,Mechanical Engineering,Germany,"Thermodynamics,Simulation,AutoCAD,SolidWorks,MATLAB",Brown-Snyder
209,Rodney Ross,Mechanical Engineering,China,"MATLAB,Thermodynamics,SolidWorks,AutoCAD,Simulation",Rich Group
210,Lori Garcia,Product Management,Mexico,"Stakeholder Management,SQL,Agile,Data Analytics,Roadmapping",Morrison-Carr
211,Joan Gutierrez,UX Design,Mexico,"Wireframing,HTML,Figma,CSS",Lang Inc
212,Lisa Little,Mechanical Engineering,USA,"MATLAB,Thermodynamics,SolidWorks,AutoCAD",Kent-Smith
213,David Hart,Finance,South Korea,"Excel,Bloomberg,SQL,Python",Gentry-Lambert
214,Thomas May,Software Engineering,Nigeria,"C++,React,Docker",Rodriguez-Kirk
215,Thomas Jones,Software Engineering,Germany,"SQL,C++,Python,Docker",Gray-Oneill
216,Mrs. Julie Reed,Marketing,Canada,"Excel,Copywriting,Google Analytics",Juarez-Andrews
217,Jeffrey Marshall,Finance,India,"Excel,Bloomberg,SQL,Python,R",Doyle-Briggs
218,Jennifer Turner,Finance,Nigeria,"Python,R,Bloomberg",Lopez-Woods
219,Paul Garza,UX Design,USA,"HTML,Adobe XD,CSS,Wireframing,User Research","Perkins, Kline and Hahn"
220,Jessica Cross,Finance,Pakistan,"SQL,Excel,Python,Bloomberg,Quantitative Analysis",Smith-Hall
221,Isaac Young,Cybersecurity,Mexico,"Linux,Network Security,Ethical Hacking,Firewalls",Juarez-Andrews
222,Susan Rodgers,Marketing,South Korea,"Excel,Content Strategy,Google Analytics",Thomas-Jones
223,Daniel Brooks,Cybersecurity,Mexico,"Ethical Hacking,Firewalls,Python,Linux",Hernandez and Sons
224,Cody Hayden,Product Management,Germany,"SQL,Stakeholder Management,Scrum,Agile",Patrick-Allen
225,Angela Schmidt,Electrical Engineering,Germany,"PCB Design,Verilog,Embedded Systems,C",Sosa-Flores
226,Kristen Fowler,Marketing,India,"Google Analytics,Content Strategy,Social Media,SEO",Doyle-Briggs
227,Calvin Rios,Product Management,Pakistan,"Scrum,Agile,SQL,Data Analytics","Young, Cline and Medina"
228,Daniel Moody,Mechanical Engineering,Nigeria,"MATLAB,SolidWorks,Simulation,AutoCAD,Thermodynamics",Hickman Ltd
229,Robert Fisher,AI Research,Brazil,"Deep Learning,Python,Computer Vision,NLP,TensorFlow",Wilson Ltd
230,Debra Smith,Product Management,India,"SQL,Data Analytics,Stakeholder Management",Patrick-Allen
231,Mary Allen,Electrical Engineering,Brazil,"Embedded Systems,Verilog,PCB Design",Lopez-Woods
232,Joseph Gonzalez,Electrical Engineering,Brazil,"MATLAB,C,Verilog,PCB Design",Gomez-Mathews
233,Michael Gonzales,Electrical Engineering,India,"C,Verilog,Embedded Systems,PCB Design","Perkins, Kline and Hahn"
234,Michelle Griffin,Finance,Brazil,"SQL,R,Python,Quantitative Analysis,Bloomberg",Edwards and Sons
235,Julie Jackson,Product Management,Germany,"SQL,Stakeholder Management,Data Analytics",Edwards and Sons
236,Eric Jackson,Electrical Engineering,Germany,"MATLAB,C,PCB Design,Embedded Systems,Verilog",Haynes-Lopez
237,Keith Johnson,Marketing,Pakistan,"Social Media,Copywriting,Excel,SEO,Google Analytics","Johnson, Harris and Beasley"
238,Jordan Welch,Finance,India,"R,Quantitative Analysis,Python,SQL,Bloomberg",Maxwell-Harmon
239,Marcus Bates Jr.,Marketing,Nigeria,"Content Strategy,Copywriting,Google Analytics,Social Media",Patrick-Allen
240,Alvin Morrison,Software Engineering,Canada,"SQL,Java,React,Python,Docker",Gentry-Lambert
241,Lisa Pollard,Marketing,Germany,"Google Analytics,Content Strategy,Copywriting,SEO,Excel",Anderson-Robinson
242,Shannon Sullivan,Marketing,Brazil,"Social Media,Copywriting,Excel,Content Strategy",Madden-Morrison
243,Marie Prince,AI Research,Nigeria,"NLP,Python,TensorFlow,Deep Learning,Computer Vision",Fernandez and Sons
244,Mike Morris,Finance,Mexico,"R,Quantitative Analysis,SQL","Perkins, Kline and Hahn"
245,Rachel Richardson,UX Design,USA,"Wireframing,HTML,User Research,Figma",Brown-Snyder
246,Robert Scott,Product Management,Canada,"SQL,Stakeholder Management,Agile",Phillips PLC
247,James Butler,Marketing,Canada,"SEO,Excel,Content Strategy,Google Analytics","Melton, Hughes and Medina"
248,Brett Simmons,Data Science,Nigeria,"Scikit-learn,Tableau,TensorFlow,Python",Nguyen LLC
249,Jennifer Clark,Electrical Engineering,Pakistan,"Embedded Systems,Verilog,C,MATLAB,PCB Design","Patterson, Jackson and Morgan"
250,Timothy Thomas,Electrical Engineering,Germany,"MATLAB,C,PCB Design,Embedded Systems,Verilog",Myers-Montes
251,Michael Henson,Product Management,USA,"Scrum,Roadmapping,Agile,Stakeholder Management,Data Analytics",Harrell PLC
252,Jeffery Hines,Mechanical Engineering,USA,"SolidWorks,Simulation,MATLAB,AutoCAD,Thermodynamics",Walters Group
253,Jacob Williams,Mechanical Engineering,China,"MATLAB,Simulation,Thermodynamics,AutoCAD,SolidWorks",Griffin Inc
254,Denise Cooper,AI Research,China,"TensorFlow,Computer Vision,NLP","Johnson, Harris and Beasley"
255,Ashley Jackson,Product Management,Nigeria,"Roadmapping,Data Analytics,Agile,Scrum,SQL",Wilson Ltd
256,John Hayes,Software Engineering,Germany,"C++,Docker,Python,Java","Robinson, Kim and Myers"
257,John Porter,UX Design,Nigeria,"HTML,User Research,Figma",Lang Inc
258,Luis Anderson,Mechanical Engineering,India,"Thermodynamics,MATLAB,Simulation,SolidWorks","Nguyen, Ortiz and Griffin"
259,Tammy Butler,Mechanical Engineering,Nigeria,"AutoCAD,Simulation,SolidWorks",Wilson Ltd
260,Kenneth Dominguez,Data Science,Pakistan,"TensorFlow,Tableau,Pandas","Thomas, Anderson and Jones"
261,Anthony Blair,Marketing,Germany,"Copywriting,Social Media,Google Analytics,Content Strategy",Lopez-Arroyo
262,Lisa Woods,Software Engineering,Nigeria,"SQL,AWS,Java,Docker","Ford, Clark and Mccoy"
263,Barry Palmer,UX Design,Mexico,"User Research,Figma,Wireframing,HTML",Cantu-Hill
264,Rebecca Gilmore,Electrical Engineering,Germany,"C,Verilog,MATLAB",Walter-Brown
265,Debra Dixon,UX Design,Canada,"Adobe XD,Wireframing,User Research",Juarez-Andrews
266,William Miller,AI Research,Nigeria,"PyTorch,NLP,TensorFlow",Thomas Inc
267,Timothy Crosby,Electrical Engineering,Canada,"PCB Design,C,MATLAB,Embedded Systems",Delgado-Franklin
268,Garrett Lopez,Electrical Engineering,USA,"PCB Design,MATLAB,Embedded Systems,Verilog,C","Harvey, Schwartz and Maldonado"
269,Albert Allen,Cybersecurity,Canada,"Ethical Hacking,Firewalls,Linux,Python",Brown Ltd
270,Christian Payne,Data Science,Mexico,"Python,Tableau,SQL",Rich Group
271,Steven Cross,Software Engineering,Canada,"React,SQL,AWS","Jones, Evans and Logan"
272,Justin Fields,Cybersecurity,India,"Network Security,Linux,Ethical Hacking,Python,Firewalls",Doyle-Briggs
273,Peter Simmons,Data Science,Canada,"Scikit-learn,R,SQL,TensorFlow,Python",Brown PLC
274,Douglas Garcia,Finance,USA,"Excel,R,Python",Brown-Snyder
275,Jessica Lewis,UX Design,Brazil,"HTML,Adobe XD,CSS,Wireframing",Lopez-Arroyo
276,Lisa Wells,Software Engineering,South Korea,"React,AWS,Java,Docker,SQL",Phillips PLC
277,Christina Washington,Marketing,Nigeria,"Social Media,Content Strategy,Copywriting,Excel,Google Analytics",Holmes-Zavala
278,Michele Thompson,Electrical Engineering,Pakistan,"C,MATLAB,Verilog,PCB Design","Watts, Adkins and Davies"
279,Dawn Jefferson,Data Science,Brazil,"Python,Pandas,TensorFlow",Haynes-Lopez
280,Toni Hunter,Electrical Engineering,Nigeria,"C,Verilog,MATLAB,PCB Design","Wright, Smith and Camacho"
281,Craig Mccarty,Marketing,Mexico,"Excel,Copywriting,SEO,Content Strategy",Gonzalez-Vincent
282,Joel Harris,Mechanical Engineering,Brazil,"SolidWorks,AutoCAD,MATLAB,Simulation,Thermodynamics",Aguilar-Lopez
283,Billy White,Product Management,Brazil,"Stakeholder Management,Scrum,Agile",Brown-Snyder
284,John Barnes,Data Science,Brazil,"Tableau,Python,Scikit-learn,SQL",Hickman Ltd
285,Amanda Jordan PhD,Product Management,Nigeria,"Scrum,Data Analytics,SQL,Agile,Roadmapping",Smith-Hall
286,Dr. Mason Freeman,Data Science,Brazil,"Scikit-learn,Python,R,Pandas,SQL","Patterson, Jackson and Morgan"
287,Linda Marquez DDS,Mechanical Engineering,Nigeria,"SolidWorks,AutoCAD,Simulation",Thomas Inc
288,Joshua Williams,Finance,USA,"Quantitative Analysis,Bloomberg,Python","Anderson, Wagner and Cox"
289,Andrew Osborn,Cybersecurity,USA,"Firewalls,Ethical Hacking,Linux,Python,Network Security",Baxter-Mcpherson
290,John Watson,AI Research,USA,"TensorFlow,PyTorch,NLP,Python",Ramsey-Melton
291,Alan Franklin,UX Design,China,"Adobe XD,User Research,HTML","Robinson, Kim and Myers"
292,Wayne Smith,Software Engineering,Brazil,"AWS,SQL,Python","Grant, Rogers and Scott"
293,Mary Burgess,Cybersecurity,South Korea,"Firewalls,Ethical Hacking,Linux,Python,Network Security",Whitehead LLC
294,Matthew Dominguez,Mechanical Engineering,Brazil,"Simulation,SolidWorks,AutoCAD,MATLAB",Harrell PLC
295,Kenneth Gomez,Electrical Engineering,South Korea,"MATLAB,Verilog,Embedded Systems",Whitehead LLC
296,Patricia Marsh,UX Design,Brazil,"HTML,Wireframing,Figma,Adobe XD,User Research",Baxter-Mcpherson
297,Zachary Sweeney,Finance,USA,"R,SQL,Quantitative Analysis,Python",Griffin Inc
298,Dorothy Kelley,Software Engineering,Germany,"SQL,Docker,Java",Hunter LLC
299,Mr. Jimmy Anderson,Software Engineering,Mexico,"C++,Docker,React",Perez-Frye
300,Mark Carpenter,Software Engineering,Canada,"AWS,SQL,Python,React,Docker","Jones, Evans and Logan"
301,Mrs. Susan Davis,AI Research,Pakistan,"Python,Deep Learning,TensorFlow",Edwards and Sons
302,Theresa Hunter,AI Research,Pakistan,"TensorFlow,PyTorch,Computer Vision,NLP",Fernandez and Sons
303,Rachael Bullock,Mechanical Engineering,South Korea,"AutoCAD,Simulation,Thermodynamics","Young, Cline and Medina"
304,Melissa Graham,Software Engineering,Germany,"Docker,C++,AWS,SQL",Mills PLC
305,Amanda Gregory,Electrical Engineering,Canada,"Embedded Systems,PCB Design,C,MATLAB,Verilog",Rich Group
306,Lisa Lowery,UX Design,South Korea,"Adobe XD,Figma,Wireframing",Gonzalez-Vincent
307,Jessica Jones,AI Research,Nigeria,"PyTorch,NLP,Deep Learning",Hernandez and Sons
308,David Haynes,Product Management,Brazil,"SQL,Agile,Roadmapping,Stakeholder Management",Hernandez and Sons
309,Todd Taylor,Product Management,Brazil,"Data Analytics,SQL,Agile,Roadmapping,Scrum",Acosta Inc
310,Lisa Singleton,Product Management,India,"Stakeholder Management,Agile,Data Analytics","Mcclain, Benton and Hernandez"
311,Stacey Lewis,Electrical Engineering,Brazil,"Verilog,Embedded Systems,PCB Design,MATLAB,C",Ramsey-Melton
312,Richard Lopez,Mechanical Engineering,Germany,"AutoCAD,MATLAB,Thermodynamics,SolidWorks,Simulation",Lee-Mejia
313,Amber King,Electrical Engineering,Mexico,"Embedded Systems,Verilog,PCB Design,MATLAB",Wagner LLC
314,Curtis Peck,AI Research,China,"TensorFlow,NLP,Computer Vision,PyTorch,Deep Learning",Myers-Montes
315,Jessica Hart,Marketing,Canada,"Content Strategy,Copywriting,Excel",Delgado-Franklin
316,Jeffrey Nelson,Electrical Engineering,Pakistan,"MATLAB,PCB Design,C,Verilog,Embedded Systems",Collier PLC
317,Kevin Jones,Marketing,Pakistan,"Content Strategy,Copywriting,Excel",Gray-Oneill
318,Jorge Turner,Software Engineering,Mexico,"Java,Docker,Python,SQL,C++","Perkins, Kline and Hahn"
319,Angel Smith,AI Research,Nigeria,"Python,Deep Learning,TensorFlow,NLP","Barton, Rogers and Green"
320,Dawn Tucker,Electrical Engineering,China,"Embedded Systems,C,PCB Design,MATLAB,Verilog",Rodriguez-Kirk
321,Shelby Richardson,Cybersecurity,India,"Firewalls,Python,Network Security,Ethical Hacking",Aguilar-Lopez
322,Caroline Herrera DVM,UX Design,Mexico,"Figma,User Research,CSS",Myers-Montes
323,Danielle Silva,Marketing,Pakistan,"Content Strategy,Copywriting,Social Media,SEO,Google Analytics",Whitehead LLC
324,Eric Michael,Mechanical Engineering,Canada,"MATLAB,SolidWorks,AutoCAD,Simulation","Grant, Rogers and Scott"
325,Susan George,Electrical Engineering,South Korea,"Verilog,Embedded Systems,MATLAB,PCB Design",Delgado-Franklin
326,Christina Williams,Software Engineering,India,"C++,Python,SQL,Docker",Lopez-Arroyo
327,Eric Porter,Cybersecurity,Germany,"Network Security,Firewalls,Ethical Hacking,Linux,Python",Brown Ltd
328,Ricardo Gray,Cybersecurity,Pakistan,"Network Security,Ethical Hacking,Python,Firewalls",Rogers and Sons
329,Mark Rhodes,Data Science,Pakistan,"Tableau,TensorFlow,Python,SQL",Walters Group
330,Lindsey Martinez,Data Science,Germany,"SQL,Python,Scikit-learn,R,TensorFlow","Melton, Hughes and Medina"
331,Ashley Strickland,Electrical Engineering,Nigeria,"Verilog,C,Embedded Systems,MATLAB,PCB Design","Shannon, Morris and Brown"
332,Hannah Ramos,AI Research,Germany,"Deep Learning,TensorFlow,Computer Vision","Robinson, Kim and Myers"
333,Brent Lewis,Mechanical Engineering,Brazil,"AutoCAD,SolidWorks,Simulation",Erickson-Wilkerson
334,Dr. Alejandra Peters,UX Design,Canada,"Wireframing,CSS,Figma",Webster Inc
335,Danielle Moore,UX Design,India,"CSS,Wireframing,User Research,Figma,Adobe XD","Chavez, Vaughan and Owen"
336,Joseph Jackson,Software Engineering,South Korea,"Python,SQL,React",Patrick-Allen
337,Mary Jackson,Product Management,USA,"Data Analytics,Agile,Stakeholder Management","Harvey, Schwartz and Maldonado"
338,Charles Todd,Software Engineering,China,"Java,SQL,C++,React","Chavez, Vaughan and Owen"
339,Lisa Sawyer,AI Research,Brazil,"Deep Learning,Python,Computer Vision,NLP",Fernandez and Sons
340,Daniel Small,Cybersecurity,India,"Python,Ethical Hacking,Network Security",James-Wolfe
341,Carolyn Fuller,Finance,Brazil,"Bloomberg,SQL,R",Wagner LLC
342,Craig Hodge,Product Management,Canada,"SQL,Roadmapping,Agile,Data Analytics,Stakeholder Management","Patterson, Jackson and Morgan"
343,Robert Nielsen,Finance,South Korea,"SQL,Python,Bloomberg",Haynes-Lopez
344,Stephanie Irwin,Cybersecurity,Nigeria,"Network Security,Firewalls,Linux",Walters Group
345,Alex Smith,UX Design,South Korea,"CSS,User Research,Figma,HTML,Adobe XD","Daniels, Davis and Morris"
346,Robert Stevens DVM,Marketing,Canada,"SEO,Social Media,Content Strategy,Copywriting,Excel",Patrick-Allen
347,Jennifer Jordan,Electrical Engineering,Nigeria,"C,Embedded Systems,PCB Design,Verilog,MATLAB",Juarez-Andrews
348,Lori Tanner,Cybersecurity,Canada,"Network Security,Ethical Hacking,Firewalls,Python,Linux",Miles-Crawford
349,Kevin Lee,Finance,Nigeria,"Excel,R,Quantitative Analysis",Myers-Montes
350,Wesley Johnson,Finance,Brazil,"R,Quantitative Analysis,Python",Collier PLC
351,Jean Newton,Data Science,China,"TensorFlow,R,SQL,Python",Stevens-Montgomery
352,Timothy Kelly,UX Design,Germany,"User Research,HTML,Figma","Shannon, Morris and Brown"
353,Travis White,Software Engineering,Pakistan,"Java,AWS,Python,C++",Haynes-Lopez
354,Steven Colon,AI Research,South Korea,"Python,Deep Learning,PyTorch",Sosa-Flores
355,Daniel Huffman,Software Engineering,Canada,"C++,AWS,SQL,Python,Java",Mills PLC
356,Dawn Hancock,Software Engineering,Nigeria,"AWS,Docker,Python,C++,Java","Padilla, Fitzpatrick and Quinn"
357,Megan Allen,Marketing,South Korea,"Google Analytics,SEO,Copywriting",Cantu-Hill
358,Joshua Ramos,Finance,South Korea,"SQL,Excel,R","Young, Francis and Smith"
359,Mr. Nathan Dawson,Mechanical Engineering,Nigeria,"Simulation,MATLAB,AutoCAD","Johnson, Harris and Beasley"
360,Robert Hawkins,Mechanical Engineering,Mexico,"SolidWorks,AutoCAD,MATLAB",Nguyen LLC
361,Ashley Lester,AI Research,China,"NLP,Computer Vision,Deep Learning,TensorFlow",Acosta Inc
362,Holly Brown,Product Management,South Korea,"Agile,Roadmapping,Data Analytics",Rodriguez-Kirk
363,Benjamin Haynes,Cybersecurity,Canada,"Python,Firewalls,Ethical Hacking",Madden-Morrison
364,Clinton Davis,Data Science,Brazil,"Scikit-learn,R,Pandas",Gonzalez-Vincent
365,Kristin Coleman,AI Research,Pakistan,"TensorFlow,PyTorch,NLP",Hickman Ltd
366,Angela Coleman,Cybersecurity,USA,"Ethical Hacking,Python,Network Security,Firewalls,Linux",Hatfield-Wright
367,Amanda Duke,Mechanical Engineering,Brazil,"Simulation,MATLAB,Thermodynamics,SolidWorks,AutoCAD",Gonzalez-Vincent
368,Denise Hernandez,Mechanical Engineering,India,"Thermodynamics,Simulation,SolidWorks,AutoCAD",Lang Inc
369,Angela Garcia,Product Management,USA,"Stakeholder Management,Agile,Roadmapping","Chavez, Vaughan and Owen"
370,Nancy Russell,Mechanical Engineering,USA,"AutoCAD,Simulation,SolidWorks",Brown-Snyder
371,Mr. Dustin Rodriguez,Cybersecurity,Canada,"Firewalls,Linux,Network Security","Anderson, Wagner and Cox"
372,Timothy Farley,UX Design,Pakistan,"CSS,HTML,Adobe XD,Figma,Wireframing",Walters Group
373,Julian Wells,Marketing,USA,"Social Media,Copywriting,SEO",Erickson-Wilkerson
374,Christopher Bryant,Electrical Engineering,Nigeria,"PCB Design,Verilog,C,MATLAB,Embedded Systems",Gray-Oneill
375,Shelly Rodriguez,Marketing,Canada,"Content Strategy,Social Media,Copywriting,Google Analytics",Lee-Mejia
376,William Garcia,Cybersecurity,Brazil,"Ethical Hacking,Network Security,Linux,Python",Reid-Sanders
377,Jennifer Smith,AI Research,Germany,"TensorFlow,Deep Learning,NLP,Python","Hernandez, Kaufman and Krause"
378,Gina Foster,Finance,Canada,"R,Quantitative Analysis,Excel,Bloomberg",Morrison-Carr
379,Dr. Kevin Bishop,AI Research,Mexico,"NLP,Deep Learning,TensorFlow",Leonard-Perez
380,Alyssa Richardson,Cybersecurity,India,"Python,Ethical Hacking,Network Security",Whitehead LLC
381,Rachel Christensen,Marketing,Pakistan,"Social Media,SEO,Copywriting,Excel",Whitehead LLC
382,Charles Ortiz,Marketing,Pakistan,"Content Strategy,Excel,SEO,Social Media,Google Analytics",Gomez-Mathews
383,Kristina Jones,AI Research,Nigeria,"Computer Vision,Deep Learning,NLP",Ramsey-Melton
384,Kelli Gray,Software Engineering,India,"Java,AWS,SQL,React",Brown Ltd
385,Bryan Bennett,AI Research,South Korea,"TensorFlow,PyTorch,NLP,Computer Vision,Deep Learning",Smith-Hall
386,Steven Valentine,Electrical Engineering,Nigeria,"Embedded Systems,C,PCB Design,MATLAB,Verilog",Walter-Brown
387,Frank Davis,UX Design,Pakistan,"HTML,Wireframing,User Research,Figma,Adobe XD",Brown Ltd
388,Anna Patel,AI Research,Pakistan,"Deep Learning,NLP,PyTorch","Shannon, Morris and Brown"
389,Edward Wise,Data Science,Pakistan,"Tableau,Python,TensorFlow,R,Pandas",Edwards and Sons
390,Breanna Massey,Software Engineering,Brazil,"Java,AWS,Python,C++",Small Inc
391,Paul Williams,Finance,China,"R,SQL,Bloomberg,Excel,Quantitative Analysis",Lawson Inc
392,Arthur Henry,Product Management,Pakistan,"Roadmapping,Data Analytics,Agile,Scrum,SQL","Young, Cline and Medina"
393,Nathan Smith,Finance,South Korea,"Python,Excel,Quantitative Analysis,Bloomberg,R","Perkins, Kline and Hahn"
394,Tamara Sullivan,Finance,Mexico,"Bloomberg,Python,Excel",Thomas-Jones
395,Marvin Gonzalez,Electrical Engineering,Mexico,"Embedded Systems,C,Verilog",Holmes-Zavala
396,Jennifer Flores,Marketing,China,"Social Media,Excel,Content Strategy","Bridges, Barker and May"
397,Peter Farrell,Finance,Germany,"Python,Bloomberg,R,Excel",Whitehead LLC
398,Shane Black,Cybersecurity,South Korea,"Firewalls,Linux,Network Security",Juarez-Andrews
399,Ricardo Bryant,Marketing,Pakistan,"Content Strategy,Social Media,Google Analytics",Rodriguez-Kirk
400,Thomas Cunningham,Finance,Germany,"Python,Bloomberg,Quantitative Analysis,SQL",Haynes-Lopez
401,Claudia Brown,Mechanical Engineering,Germany,"Simulation,MATLAB,AutoCAD,Thermodynamics",Taylor-Mcdaniel
402,Travis Bryan,Marketing,USA,"SEO,Google Analytics,Excel",Reid-Sanders
403,Christopher Carter,Software Engineering,Germany,"Java,SQL,C++",Chambers-Peterson
404,Sharon Snyder,Data Science,China,"Scikit-learn,Pandas,SQL,R",Hernandez and Sons
405,Jesse Ortiz,Marketing,Brazil,"Copywriting,Content Strategy,Social Media,SEO,Google Analytics","Young, Francis and Smith"
406,Brandon Salas,UX Design,China,"Figma,HTML,CSS","Smith, Stone and Thompson"
407,George Carr,Mechanical Engineering,Pakistan,"Thermodynamics,AutoCAD,MATLAB",Thomas-Jones
408,Antonio Andrews,Data Science,Nigeria,"SQL,R,Tableau,Pandas",Madden-Morrison
409,Vanessa Daniels,Marketing,Germany,"Social Media,Content Strategy,SEO",Aguilar-Lopez
410,Angela Terrell,Electrical Engineering,Brazil,"Embedded Systems,PCB Design,MATLAB,C,Verilog",Lawson Inc
411,Shannon Gutierrez,Mechanical Engineering,India,"MATLAB,SolidWorks,Thermodynamics,AutoCAD","Hernandez, Kaufman and Krause"
412,Jonathan Massey,Cybersecurity,Canada,"Linux,Ethical Hacking,Network Security","Watts, Adkins and Davies"
413,Jerry Hunt,UX Design,China,"CSS,HTML,Adobe XD,Figma",Walters Group
414,Victoria Leach,Finance,Nigeria,"Excel,SQL,Python,R,Quantitative Analysis",Baxter-Mcpherson
415,Benjamin Richardson,Data Science,Nigeria,"TensorFlow,R,Pandas",Campbell-Woods
416,Amanda Spencer,Cybersecurity,Pakistan,"Firewalls,Linux,Ethical Hacking,Network Security,Python",Cantu-Hill
417,Ryan Graves,Finance,Pakistan,"Excel,Bloomberg,Python,Quantitative Analysis",Edwards and Sons
418,Lawrence Gonzalez,Data Science,Brazil,"Python,Tableau,SQL",Collier PLC
419,Gerald Clark,Marketing,Canada,"Google Analytics,Copywriting,Social Media,Content Strategy",Walters Group
420,Eric Graves,AI Research,Canada,"Deep Learning,Computer Vision,TensorFlow",Madden-Morrison
421,Christopher Sanders,Data Science,Germany,"TensorFlow,Tableau,Pandas,SQL,R",Thomas-Jones
422,Samuel Le,Product Management,Mexico,"Agile,SQL,Data Analytics,Scrum,Roadmapping",Phillips PLC
423,Makayla Reynolds,UX Design,Mexico,"HTML,Wireframing,User Research,CSS,Figma",Hill PLC
424,Corey Brown,AI Research,China,"TensorFlow,Python,PyTorch",Rich Group
425,Mr. Jason Miller,Marketing,China,"Excel,SEO,Content Strategy",Erickson-Wilkerson
426,Paul Jones,Electrical Engineering,Mexico,"MATLAB,Embedded Systems,PCB Design",Haynes-Lopez
427,Nathan White,Cybersecurity,Nigeria,"Ethical Hacking,Firewalls,Python","Shannon, Morris and Brown"
428,Larry Buckley,Mechanical Engineering,USA,"SolidWorks,Thermodynamics,Simulation,MATLAB",James-Wolfe
429,Rebecca Vazquez,Data Science,USA,"SQL,Scikit-learn,Pandas,Tableau",Walter-Brown
430,Robert Evans,AI Research,South Korea,"Computer Vision,Python,Deep Learning,TensorFlow",Doyle-Briggs
431,James Lewis,AI Research,Nigeria,"Deep Learning,NLP,TensorFlow,PyTorch,Python","Young, Cline and Medina"
432,John Jimenez,Electrical Engineering,Brazil,"PCB Design,Embedded Systems,MATLAB,C,Verilog","Wright, Smith and Camacho"
433,Angela Singh,Mechanical Engineering,South Korea,"Thermodynamics,SolidWorks,Simulation,AutoCAD","Barton, Rogers and Green"
434,Jennifer Williams,Electrical Engineering,Brazil,"C,Embedded Systems,MATLAB,PCB Design,Verilog",Haynes-Lopez
435,Andrew Valdez,UX Design,China,"HTML,CSS,User Research,Adobe XD,Wireframing","Nguyen, Ortiz and Griffin"
436,Dr. Jennifer Ayala MD,Software Engineering,Canada,"Docker,C++,Java",Lawson Inc
437,Lawrence Nelson,Software Engineering,UK,"React,AWS,SQL,Python,C++",Phillips PLC
438,Wendy Harris,Data Science,Canada,"R,Tableau,TensorFlow,Pandas","Melton, Hughes and Medina"
439,Destiny Woods,Finance,Pakistan,"Excel,Quantitative Analysis,R,SQL,Python",Wilson Ltd
440,Sean Rodriguez,Finance,USA,"Python,Quantitative Analysis,SQL,R,Bloomberg",Small Inc
441,Veronica Lynch,Finance,Mexico,"SQL,Bloomberg,R,Excel,Python",Juarez-Andrews
442,John Reed,AI Research,USA,"Python,NLP,Computer Vision,Deep Learning","Ford, Clark and Mccoy"
443,Cheryl Griffin,Electrical Engineering,Brazil,"PCB Design,MATLAB,Verilog,Embedded Systems,C","Bridges, Barker and May"
444,Jeremy Smith,Finance,USA,"Excel,Python,Quantitative Analysis","Young, Francis and Smith"
445,Nathaniel Blackwell,Finance,Canada,"Bloomberg,SQL,Excel,R",Griffin Inc
446,Brian Byrd,Product Management,Nigeria,"Stakeholder Management,Data Analytics,Scrum",Perez-Frye
447,Michael Perkins,Electrical Engineering,Canada,"C,PCB Design,Verilog",Acosta Inc
448,David Romero,Software Engineering,Brazil,"Python,Java,SQL,Docker,React","Harvey, Schwartz and Maldonado"
449,Dr. Gary Russell Jr.,AI Research,Germany,"Python,Computer Vision,Deep Learning,NLP",Reid-Sanders
450,Abigail Alvarado,UX Design,Canada,"User Research,Wireframing,Adobe XD",Brown PLC
451,Cathy Porter DVM,Product Management,Pakistan,"Data Analytics,Stakeholder Management,Roadmapping,Agile,SQL",Delgado-Franklin
452,Andrea Boyle,Cybersecurity,South Korea,"Network Security,Firewalls,Linux",James-Wolfe
453,Michael Mcintyre,AI Research,South Korea,"Python,Deep Learning,Computer Vision,TensorFlow",Patrick-Allen
454,Kelly Odonnell,Product Management,Pakistan,"Agile,Stakeholder Management,Roadmapping,Scrum","Nguyen, Ortiz and Griffin"
455,Linda Johns,Cybersecurity,Nigeria,"Ethical Hacking,Python,Network Security",Stevens-Montgomery
456,Kevin Scott,Finance,Mexico,"Bloomberg,R,Python,Excel","Anderson, Wagner and Cox"
457,Janet Martin,Finance,Canada,"SQL,Excel,Bloomberg","Robinson, Kim and Myers"
458,Ashley Sanchez,Electrical Engineering,Canada,"Verilog,Embedded Systems,MATLAB,PCB Design",Baxter-Mcpherson
459,Gregory Aguirre,Cybersecurity,Mexico,"Ethical Hacking,Linux,Firewalls,Network Security",Griffin Inc
460,Christina Cobb,Product Management,Nigeria,"Scrum,Data Analytics,Agile,Roadmapping","Bridges, Barker and May"
461,Meghan Turner,Software Engineering,Brazil,"Java,React,C++","Young, Francis and Smith"
462,Andrea Ramos,UX Design,Canada,"Figma,HTML,Adobe XD,User Research,Wireframing",Walters Group
463,Kenneth Kline,Mechanical Engineering,Germany,"MATLAB,SolidWorks,Simulation,AutoCAD,Thermodynamics",Thomas Inc
464,Shelby Ramirez,Electrical Engineering,China,"PCB Design,Verilog,C,MATLAB,Embedded Systems",Thomas-Jones
465,Catherine Cherry,Software Engineering,South Korea,"React,Java,SQL",Holmes-Zavala
466,Kristine Matthews,AI Research,Mexico,"PyTorch,TensorFlow,Python,NLP,Computer Vision",Brown PLC
467,Amanda Gonzales,Data Science,Germany,"Tableau,Python,SQL","Boyd, Sutton and Barton"
468,Aaron Sosa,Marketing,China,"SEO,Excel,Copywriting,Content Strategy,Google Analytics",Cantu-Hill
469,Mrs. April Griffin DDS,Mechanical Engineering,Mexico,"MATLAB,Thermodynamics,AutoCAD,SolidWorks,Simulation",Small Inc
470,Catherine Williams,Mechanical Engineering,India,"Simulation,Thermodynamics,AutoCAD",Madden-Morrison
471,Catherine Turner DVM,UX Design,Pakistan,"Figma,Wireframing,User Research","Grant, Rogers and Scott"
472,Mary Ramos,AI Research,Germany,"TensorFlow,PyTorch,Deep Learning,Python","Watts, Adkins and Davies"
473,Jeffery Johnson,Finance,India,"SQL,Bloomberg,Quantitative Analysis,R",Brown PLC
474,Mary Thompson,UX Design,China,"Wireframing,User Research,CSS,HTML",Lang Inc
475,Cody Harper,Electrical Engineering,USA,"PCB Design,Verilog,C",Lang Inc
476,Douglas Morris,UX Design,Germany,"HTML,CSS,User Research",Ramsey-Melton
477,Nichole Noble,Product Management,Mexico,"Stakeholder Management,Roadmapping,Agile,SQL",Reid-Sanders
478,Jennifer Davis,Software Engineering,China,"AWS,Docker,React","Wright, Smith and Camacho"
479,Lori Wilcox,Cybersecurity,Nigeria,"Linux,Python,Ethical Hacking,Firewalls",Lawson Inc
480,Virginia Aguirre,Electrical Engineering,Mexico,"Verilog,MATLAB,C,PCB Design,Embedded Systems",Lopez-Arroyo
481,Jasmin Fletcher,Finance,China,"R,Bloomberg,Python,Excel","Robinson, Kim and Myers"
482,Nicholas Cooper,Data Science,Brazil,"Scikit-learn,Python,R",Hill PLC
483,Nicole Pineda,AI Research,USA,"NLP,Deep Learning,Python",Fernandez and Sons
484,Joseph Taylor,Data Science,Nigeria,"Python,Tableau,SQL,Pandas",Aguilar-Lopez
485,Vanessa Carrillo,AI Research,South Korea,"PyTorch,TensorFlow,Deep Learning,Python,NLP",Lopez-Woods
486,Matthew Payne,Data Science,Brazil,"Python,Pandas,TensorFlow,Tableau",Morrison-Carr
487,Doris Haley,Electrical Engineering,USA,"PCB Design,MATLAB,Embedded Systems",Stevens-Montgomery
488,Mary Small,Product Management,India,"Stakeholder Management,SQL,Scrum,Agile,Data Analytics",Whitehead LLC
489,Sarah Sellers,Mechanical Engineering,China,"SolidWorks,MATLAB,AutoCAD,Simulation,Thermodynamics",Hatfield-Wright
490,Albert Davis,Product Management,Nigeria,"Roadmapping,Data Analytics,Scrum,Agile,SQL","Perkins, Kline and Hahn"
491,Timothy Lawrence,Electrical Engineering,China,"Embedded Systems,Verilog,MATLAB,PCB Design,C","Young, Francis and Smith"
492,Jamie Young,UX Design,South Korea,"Wireframing,CSS,HTML,Figma,Adobe XD","Young, Francis and Smith"
493,Roberta Williams,Marketing,South Korea,"SEO,Social Media,Content Strategy,Google Analytics,Copywriting",Miles-Crawford
494,Karen Gregory,Data Science,China,"Python,Tableau,R",Hunter LLC
495,Angela Bradley,Data Science,Nigeria,"R,Python,SQL,Scikit-learn",Fernandez and Sons
496,Miss Jessica Flores,AI Research,Brazil,"Computer Vision,Deep Learning,TensorFlow,Python,PyTorch",Cantu-Hill
497,Steve Coleman,Electrical Engineering,Brazil,"MATLAB,Verilog,Embedded Systems,PCB Design,C","Robinson, Kim and Myers"
498,Mark Brown,Finance,Brazil,"Excel,Python,SQL,Quantitative Analysis,Bloomberg",Gray-Oneill
499,Tracy Anderson,Electrical Engineering,Germany,"C,Embedded Systems,PCB Design",Whitehead LLC
500,Steven Fischer,Product Management,USA,"Roadmapping,SQL,Scrum,Data Analytics,Agile",Perez-Frye
